filename,state,county,year,source,split
data/raw/pilot_00000.jpg,MD,Baltimore City,1950,Rasi1610/Deathce502_series1_new,train
data/raw/pilot_00001.jpg,MD,Baltimore City,1950,Rasi1610/Deathce502_series1_new,train
data/raw/pilot_00002.jpg,MD,Baltimore City,1950,Rasi1610/Deathce502_series1_new,train
data/raw/pilot_00003.jpg,MD,Baltimore City,1950,Rasi1610/Deathce502_series1_new,train
data/raw/pilot_00004.jpg,MD,Baltimore City,1950,Rasi1610/Deathce502_series1_new,train
data/raw/pilot_00005.jpg,MD,Baltimore City,1950,Rasi1610/Deathce502_series1_new,train
data/raw/pilot_00006.jpg,MD,Baltimore City,1950,Rasi1610/Deathce502_series1_new,train
data/raw/pilot_00007.jpg,MD,Baltimore City,1950,Rasi1610/Deathce502_series1_new,train
data/raw/pilot_00008.jpg,MD,Baltimore City,1950,Rasi1610/Deathce502_series1_new,train
data/raw/pilot_00009.jpg,MD,Baltimore City,1950,Rasi1610/Deathce502_series1_new,train
data/raw/pilot_00010.jpg,MD,Baltimore City,1950,Rasi1610/Deathce502_series1_new,train
data/raw/pilot_00011.jpg,MD,Baltimore City,1950,Rasi1610/Deathce502_series1_new,train
data/raw/pilot_00012.jpg,MD,Baltimore City,1950,Rasi1610/Deathce502_series1_new,train
data/raw/pilot_00013.jpg,MD,Baltimore City,1950,Rasi1610/Deathce502_series1_new,train
data/raw/pilot_00014.jpg,MD,Baltimore City,1950,Rasi1610/Deathce502_series1_new,train
data/raw/pilot_00015.jpg,MD,Baltimore City,1950,Rasi1610/Deathce502_series1_new,train
data/raw/pilot_00016.jpg,MD,Baltimore City,1950,Rasi1610/Deathce502_series1_new,train
data/raw/pilot_00017.jpg,MD,Baltimore City,1950,Rasi1610/Deathce502_series1_new,train
data/raw/pilot_00018.jpg,MD,Baltimore City,1950,Rasi1610/Deathce502_series1_new,train
data/raw/pilot_00019.jpg,MD,Baltimore City,1950,Rasi1610/Deathce502_series1_new,train
data/raw/pilot_00020.jpg,MD,Baltimore City,1950,Rasi1610/Deathce502_series1_new,train
data/raw/pilot_00021.jpg,MD,Baltimore City,1950,Rasi1610/Deathce502_series1_new,train
data/raw/pilot_00022.jpg,MD,Baltimore City,1950,Rasi1610/Deathce502_series1_new,train
data/raw/pilot_00023.jpg,MD,Baltimore City,1950,Rasi1610/Deathce502_series1_new,train
data/raw/pilot_00024.jpg,MD,Baltimore City,1950,Rasi1610/Deathce502_series1_new,train
data/raw/pilot_00025.jpg,MD,Baltimore City,1950,Rasi1610/Deathce502_series1_new,train
data/raw/pilot_00026.jpg,MD,Baltimore City,1950,Rasi1610/Deathce502_series1_new,train
data/raw/pilot_00027.jpg,MD,Baltimore City,1950,Rasi1610/Deathce502_series1_new,train
data/raw/pilot_00028.jpg,MD,Baltimore City,1950,Rasi1610/Deathce502_series1_new,train
data/raw/pilot_00029.jpg,MD,Baltimore City,1950,Rasi1610/Deathce502_series1_new,train
data/raw/pilot_00030.jpg,MD,Baltimore City,1950,Rasi1610/Deathce502_series1_new,train
data/raw/pilot_00031.jpg,MD,Baltimore City,1950,Rasi1610/Deathce502_series1_new,train
data/raw/pilot_00032.jpg,MD,Baltimore City,1950,Rasi1610/Deathce502_series1_new,train
data/raw/pilot_00033.jpg,MD,Baltimore City,1950,Rasi1610/Deathce502_series1_new,train
data/raw/pilot_00034.jpg,MD,Baltimore City,1950,Rasi1610/Deathce502_series1_new,train
data/raw/pilot_00035.jpg,MD,Baltimore City,1950,Rasi1610/Deathce502_series1_new,train
data/raw/pilot_00036.jpg,MD,Baltimore City,1950,Rasi1610/Deathce502_series1_new,train
data/raw/pilot_00037.jpg,MD,Baltimore City,1950,Rasi1610/Deathce502_series1_new,train
data/raw/pilot_00038.jpg,MD,Baltimore City,1950,Rasi1610/Deathce502_series1_new,train
data/raw/pilot_00039.jpg,MD,Baltimore City,1950,Rasi1610/Deathce502_series1_new,train
data/raw/pilot_00040.jpg,MD,Baltimore City,1950,Rasi1610/Deathce502_series1_new,train
data/raw/pilot_00041.jpg,MD,Baltimore City,1950,Rasi1610/Deathce502_series1_new,train
data/raw/pilot_00042.jpg,MD,Baltimore City,1950,Rasi1610/Deathce502_series1_new,train
data/raw/pilot_00043.jpg,MD,Baltimore City,1950,Rasi1610/Deathce502_series1_new,train
data/raw/pilot_00044.jpg,MD,Baltimore City,1950,Rasi1610/Deathce502_series1_new,train
data/raw/pilot_00045.jpg,MD,Baltimore City,1950,Rasi1610/Deathce502_series1_new,train
data/raw/pilot_00046.jpg,MD,Baltimore City,1950,Rasi1610/Deathce502_series1_new,train
data/raw/pilot_00047.jpg,MD,Baltimore City,1950,Rasi1610/Deathce502_series1_new,train
data/raw/pilot_00048.jpg,MD,Baltimore City,1950,Rasi1610/Deathce502_series1_new,train
data/raw/pilot_00049.jpg,MD,Baltimore City,1950,Rasi1610/Deathce502_series1_new,train
data/raw/pilot_00050.jpg,MD,Baltimore City,1950,Rasi1610/Deathce502_series1_new,train
data/raw/pilot_00051.jpg,MD,Baltimore City,1950,Rasi1610/Deathce502_series1_new,train
data/raw/pilot_00052.jpg,MD,Baltimore City,1950,Rasi1610/Deathce502_series1_new,train
data/raw/pilot_00053.jpg,MD,Baltimore City,1950,Rasi1610/Deathce502_series1_new,train
data/raw/pilot_00054.jpg,MD,Baltimore City,1950,Rasi1610/Deathce502_series1_new,train
data/raw/pilot_00055.jpg,MD,Baltimore City,1950,Rasi1610/Deathce502_series1_new,train
data/raw/pilot_00056.jpg,MD,Baltimore City,1950,Rasi1610/Deathce502_series1_new,train
data/raw/pilot_00057.jpg,MD,Baltimore City,1950,Rasi1610/Deathce502_series1_new,train
data/raw/pilot_00058.jpg,MD,Baltimore City,1950,Rasi1610/Deathce502_series1_new,train
data/raw/pilot_00059.jpg,MD,Baltimore City,1950,Rasi1610/Deathce502_series1_new,train
data/raw/pilot_00060.jpg,MD,Baltimore City,1950,Rasi1610/Deathce502_series1_new,train
data/raw/pilot_00061.jpg,MD,Baltimore City,1950,Rasi1610/Deathce502_series1_new,train
data/raw/pilot_00062.jpg,MD,Baltimore City,1950,Rasi1610/Deathce502_series1_new,train
data/raw/pilot_00063.jpg,MD,Baltimore City,1950,Rasi1610/Deathce502_series1_new,train
data/raw/pilot_00064.jpg,MD,Baltimore City,1950,Rasi1610/Deathce502_series1_new,train
data/raw/pilot_00065.jpg,MD,Baltimore City,1950,Rasi1610/Deathce502_series1_new,train
data/raw/pilot_00066.jpg,MD,Baltimore City,1950,Rasi1610/Deathce502_series1_new,train
data/raw/pilot_00067.jpg,MD,Baltimore City,1950,Rasi1610/Deathce502_series1_new,train
data/raw/pilot_00068.jpg,MD,Baltimore City,1950,Rasi1610/Deathce502_series1_new,train
data/raw/pilot_00069.jpg,MD,Baltimore City,1950,Rasi1610/Deathce502_series1_new,train
data/raw/pilot_00070.jpg,MD,Baltimore City,1950,Rasi1610/Deathce502_series1_new,train
data/raw/pilot_00071.jpg,MD,Baltimore City,1950,Rasi1610/Deathce502_series1_new,train
data/raw/pilot_00072.jpg,MD,Baltimore City,1950,Rasi1610/Deathce502_series1_new,train
data/raw/pilot_00073.jpg,MD,Baltimore City,1950,Rasi1610/Deathce502_series1_new,train
data/raw/pilot_00074.jpg,MD,Baltimore City,1950,Rasi1610/Deathce502_series1_new,train
data/raw/pilot_00075.jpg,MD,Baltimore City,1950,Rasi1610/Deathce502_series1_new,train
data/raw/pilot_00076.jpg,MD,Baltimore City,1950,Rasi1610/Deathce502_series1_new,train
data/raw/pilot_00077.jpg,MD,Baltimore City,1950,Rasi1610/Deathce502_series1_new,train
data/raw/pilot_00078.jpg,MD,Baltimore City,1950,Rasi1610/Deathce502_series1_new,train
data/raw/pilot_00079.jpg,MD,Baltimore City,1950,Rasi1610/Deathce502_series1_new,train
data/raw/pilot_00080.jpg,MD,Baltimore City,1950,Rasi1610/Deathce502_series1_new,train
data/raw/pilot_00081.jpg,MD,Baltimore City,1950,Rasi1610/Deathce502_series1_new,train
data/raw/pilot_00082.jpg,MD,Baltimore City,1950,Rasi1610/Deathce502_series1_new,train
data/raw/pilot_00083.jpg,MD,Baltimore City,1950,Rasi1610/Deathce502_series1_new,train
data/raw/pilot_00084.jpg,MD,Baltimore City,1950,Rasi1610/Deathce502_series1_new,train
data/raw/pilot_00085.jpg,MD,Baltimore City,1950,Rasi1610/Deathce502_series1_new,train
data/raw/pilot_00086.jpg,MD,Baltimore City,1950,Rasi1610/Deathce502_series1_new,train
data/raw/pilot_00087.jpg,MD,Baltimore City,1950,Rasi1610/Deathce502_series1_new,train
data/raw/pilot_00088.jpg,MD,Baltimore City,1950,Rasi1610/Deathce502_series1_new,train
data/raw/pilot_00089.jpg,MD,Baltimore City,1950,Rasi1610/Deathce502_series1_new,train
data/raw/pilot_00090.jpg,MD,Baltimore City,1950,Rasi1610/Deathce502_series1_new,train
data/raw/pilot_00091.jpg,MD,Baltimore City,1950,Rasi1610/Deathce502_series1_new,train
data/raw/pilot_00092.jpg,MD,Baltimore City,1950,Rasi1610/Deathce502_series1_new,train
data/raw/pilot_00093.jpg,MD,Baltimore City,1950,Rasi1610/Deathce502_series1_new,train
data/raw/pilot_00094.jpg,MD,Baltimore City,1950,Rasi1610/Deathce502_series1_new,train
data/raw/pilot_00095.jpg,MD,Baltimore City,1950,Rasi1610/Deathce502_series1_new,train
data/raw/pilot_00096.jpg,MD,Baltimore City,1950,Rasi1610/Deathce502_series1_new,train
data/raw/pilot_00097.jpg,MD,Baltimore City,1950,Rasi1610/Deathce502_series1_new,train
data/raw/pilot_00098.jpg,MD,Baltimore City,1950,Rasi1610/Deathce502_series1_new,train
data/raw/pilot_00099.jpg,MD,Baltimore City,1950,Rasi1610/Deathce502_series1_new,train
data/raw/pilot_00100.jpg,MD,Baltimore City,1950,Rasi1610/Deathce502_series1_new,train
data/raw/pilot_00101.jpg,MD,Baltimore City,1950,Rasi1610/Deathce502_series1_new,train
data/raw/pilot_00102.jpg,MD,Baltimore City,1950,Rasi1610/Deathce502_series1_new,train
data/raw/pilot_00103.jpg,MD,Baltimore City,1950,Rasi1610/Deathce502_series1_new,train
data/raw/pilot_00104.jpg,MD,Baltimore City,1950,Rasi1610/Deathce502_series1_new,train
data/raw/pilot_00105.jpg,MD,Baltimore City,1950,Rasi1610/Deathce502_series1_new,train
data/raw/pilot_00106.jpg,MD,Baltimore City,1950,Rasi1610/Deathce502_series1_new,train
data/raw/pilot_00107.jpg,MD,Baltimore City,1950,Rasi1610/Deathce502_series1_new,train
data/raw/pilot_00108.jpg,MD,Baltimore City,1950,Rasi1610/Deathce502_series1_new,train
data/raw/pilot_00109.jpg,MD,Baltimore City,1950,Rasi1610/Deathce502_series1_new,train
data/raw/pilot_00110.jpg,MD,Baltimore City,1950,Rasi1610/Deathce502_series1_new,train
data/raw/pilot_00111.jpg,MD,Baltimore City,1950,Rasi1610/Deathce502_series1_new,train
data/raw/pilot_00112.jpg,MD,Baltimore City,1950,Rasi1610/Deathce502_series1_new,train
data/raw/pilot_00113.jpg,MD,Baltimore City,1950,Rasi1610/Deathce502_series1_new,train
data/raw/pilot_00114.jpg,MD,Baltimore City,1950,Rasi1610/Deathce502_series1_new,train
data/raw/pilot_00115.jpg,MD,Baltimore City,1950,Rasi1610/Deathce502_series1_new,train
data/raw/pilot_00116.jpg,MD,Baltimore City,1950,Rasi1610/Deathce502_series1_new,train
data/raw/pilot_00117.jpg,MD,Baltimore City,1950,Rasi1610/Deathce502_series1_new,train
data/raw/pilot_00118.jpg,MD,Baltimore City,1950,Rasi1610/Deathce502_series1_new,train
data/raw/pilot_00119.jpg,MD,Baltimore City,1950,Rasi1610/Deathce502_series1_new,train
data/raw/pilot_00120.jpg,MD,Baltimore City,1950,Rasi1610/Deathce502_series1_new,train
data/raw/pilot_00121.jpg,MD,Baltimore City,1950,Rasi1610/Deathce502_series1_new,train
data/raw/pilot_00122.jpg,MD,Baltimore City,1950,Rasi1610/Deathce502_series1_new,train
data/raw/pilot_00123.jpg,MD,Baltimore City,1950,Rasi1610/Deathce502_series1_new,train
data/raw/pilot_00124.jpg,MD,Baltimore City,1950,Rasi1610/Deathce502_series1_new,train
data/raw/pilot_00125.jpg,MD,Baltimore City,1950,Rasi1610/Deathce502_series1_new,train
data/raw/pilot_00126.jpg,MD,Baltimore City,1950,Rasi1610/Deathce502_series1_new,train
data/raw/pilot_00127.jpg,MD,Baltimore City,1950,Rasi1610/Deathce502_series1_new,train
data/raw/pilot_00128.jpg,MD,Baltimore City,1950,Rasi1610/Deathce502_series1_new,train
data/raw/pilot_00129.jpg,MD,Baltimore City,1950,Rasi1610/Deathce502_series1_new,train
data/raw/pilot_00130.jpg,MD,Baltimore City,1950,Rasi1610/Deathce502_series1_new,train
data/raw/pilot_00131.jpg,MD,Baltimore City,1950,Rasi1610/Deathce502_series1_new,train
data/raw/pilot_00132.jpg,MD,Baltimore City,1950,Rasi1610/Deathce502_series1_new,train
data/raw/pilot_00133.jpg,MD,Baltimore City,1950,Rasi1610/Deathce502_series1_new,train
data/raw/pilot_00134.jpg,MD,Baltimore City,1950,Rasi1610/Deathce502_series1_new,train
data/raw/pilot_00135.jpg,MD,Baltimore City,1950,Rasi1610/Deathce502_series1_new,train
data/raw/pilot_00136.jpg,MD,Baltimore City,1950,Rasi1610/Deathce502_series1_new,train
data/raw/pilot_00137.jpg,MD,Baltimore City,1950,Rasi1610/Deathce502_series1_new,train
data/raw/pilot_00138.jpg,MD,Baltimore City,1950,Rasi1610/Deathce502_series1_new,train
data/raw/pilot_00139.jpg,MD,Baltimore City,1950,Rasi1610/Deathce502_series1_new,train
data/raw/pilot_00140.jpg,MD,Baltimore City,1950,Rasi1610/Deathce502_series1_new,train
data/raw/pilot_00141.jpg,MD,Baltimore City,1950,Rasi1610/Deathce502_series1_new,train
data/raw/pilot_00142.jpg,MD,Baltimore City,1950,Rasi1610/Deathce502_series1_new,train
data/raw/pilot_00143.jpg,MD,Baltimore City,1950,Rasi1610/Deathce502_series1_new,train
data/raw/pilot_00144.jpg,MD,Baltimore City,1950,Rasi1610/Deathce502_series1_new,train
data/raw/pilot_00145.jpg,MD,Baltimore City,1950,Rasi1610/Deathce502_series1_new,train
data/raw/pilot_00146.jpg,MD,Baltimore City,1950,Rasi1610/Deathce502_series1_new,train
data/raw/pilot_00147.jpg,MD,Baltimore City,1950,Rasi1610/Deathce502_series1_new,train
data/raw/pilot_00148.jpg,MD,Baltimore City,1950,Rasi1610/Deathce502_series1_new,train
data/raw/pilot_00149.jpg,MD,Baltimore City,1950,Rasi1610/Deathce502_series1_new,train
data/raw/pilot_00150.jpg,MD,Baltimore City,1950,Rasi1610/Deathce502_series1_new,train
data/raw/pilot_00151.jpg,MD,Baltimore City,1950,Rasi1610/Deathce502_series1_new,train
data/raw/pilot_00152.jpg,MD,Baltimore City,1950,Rasi1610/Deathce502_series1_new,train
data/raw/pilot_00153.jpg,MD,Baltimore City,1950,Rasi1610/Deathce502_series1_new,train
data/raw/pilot_00154.jpg,MD,Baltimore City,1950,Rasi1610/Deathce502_series1_new,train
data/raw/pilot_00155.jpg,MD,Baltimore City,1950,Rasi1610/Deathce502_series1_new,train
data/raw/pilot_00156.jpg,MD,Baltimore City,1950,Rasi1610/Deathce502_series1_new,train
data/raw/pilot_00157.jpg,MD,Baltimore City,1950,Rasi1610/Deathce502_series1_new,train
data/raw/pilot_00158.jpg,MD,Baltimore City,1950,Rasi1610/Deathce502_series1_new,train
data/raw/pilot_00159.jpg,MD,Baltimore City,1950,Rasi1610/Deathce502_series1_new,train
data/raw/pilot_00160.jpg,MD,Baltimore City,1950,Rasi1610/Deathce502_series1_new,train
data/raw/pilot_00161.jpg,MD,Baltimore City,1950,Rasi1610/Deathce502_series1_new,train
data/raw/pilot_00162.jpg,MD,Baltimore City,1950,Rasi1610/Deathce502_series1_new,train
data/raw/pilot_00163.jpg,MD,Baltimore City,1950,Rasi1610/Deathce502_series1_new,train
data/raw/pilot_00164.jpg,MD,Baltimore City,1950,Rasi1610/Deathce502_series1_new,train
data/raw/pilot_00165.jpg,MD,Baltimore City,1950,Rasi1610/Deathce502_series1_new,train
data/raw/pilot_00166.jpg,MD,Baltimore City,1950,Rasi1610/Deathce502_series1_new,train
data/raw/pilot_00167.jpg,MD,Baltimore City,1950,Rasi1610/Deathce502_series1_new,train
data/raw/pilot_00168.jpg,MD,Baltimore City,1950,Rasi1610/Deathce502_series1_new,train
data/raw/pilot_00169.jpg,MD,Baltimore City,1950,Rasi1610/Deathce502_series1_new,train
data/raw/pilot_00170.jpg,MD,Baltimore City,1950,Rasi1610/Deathce502_series1_new,train
data/raw/pilot_00171.jpg,MD,Baltimore City,1950,Rasi1610/Deathce502_series1_new,train
data/raw/pilot_00172.jpg,MD,Baltimore City,1950,Rasi1610/Deathce502_series1_new,train
data/raw/pilot_00173.jpg,MD,Baltimore City,1950,Rasi1610/Deathce502_series1_new,train
data/raw/pilot_00174.jpg,MD,Baltimore City,1950,Rasi1610/Deathce502_series1_new,train
data/raw/pilot_00175.jpg,MD,Baltimore City,1950,Rasi1610/Deathce502_series1_new,train
data/raw/pilot_00176.jpg,MD,Baltimore City,1950,Rasi1610/Deathce502_series1_new,train
data/raw/pilot_00177.jpg,MD,Baltimore City,1950,Rasi1610/Deathce502_series1_new,train
data/raw/pilot_00178.jpg,MD,Baltimore City,1950,Rasi1610/Deathce502_series1_new,train
data/raw/pilot_00179.jpg,MD,Baltimore City,1950,Rasi1610/Deathce502_series1_new,train
data/raw/pilot_00180.jpg,MD,Baltimore City,1950,Rasi1610/Deathce502_series1_new,train
data/raw/pilot_00181.jpg,MD,Baltimore City,1950,Rasi1610/Deathce502_series1_new,train
data/raw/pilot_00182.jpg,MD,Baltimore City,1950,Rasi1610/Deathce502_series1_new,train
data/raw/pilot_00183.jpg,MD,Baltimore City,1950,Rasi1610/Deathce502_series1_new,train
data/raw/pilot_00184.jpg,MD,Baltimore City,1950,Rasi1610/Deathce502_series1_new,train
data/raw/pilot_00185.jpg,MD,Baltimore City,1950,Rasi1610/Deathce502_series1_new,train
data/raw/pilot_00186.jpg,MD,Baltimore City,1950,Rasi1610/Deathce502_series1_new,train
data/raw/pilot_00187.jpg,MD,Baltimore City,1950,Rasi1610/Deathce502_series1_new,train
data/raw/pilot_00188.jpg,MD,Baltimore City,1950,Rasi1610/Deathce502_series1_new,train
data/raw/pilot_00189.jpg,MD,Baltimore City,1950,Rasi1610/Deathce502_series1_new,train
data/raw/pilot_00190.jpg,MD,Baltimore City,1950,Rasi1610/Deathce502_series1_new,train
data/raw/pilot_00191.jpg,MD,Baltimore City,1950,Rasi1610/Deathce502_series1_new,train
data/raw/pilot_00192.jpg,MD,Baltimore City,1950,Rasi1610/Deathce502_series1_new,train
data/raw/pilot_00193.jpg,MD,Baltimore City,1950,Rasi1610/Deathce502_series1_new,train
data/raw/pilot_00194.jpg,MD,Baltimore City,1950,Rasi1610/Deathce502_series1_new,train
data/raw/pilot_00195.jpg,MD,Baltimore City,1950,Rasi1610/Deathce502_series1_new,train
data/raw/pilot_00196.jpg,MD,Baltimore City,1950,Rasi1610/Deathce502_series1_new,train
data/raw/pilot_00197.jpg,MD,Baltimore City,1950,Rasi1610/Deathce502_series1_new,train
data/raw/pilot_00198.jpg,MD,Baltimore City,1950,Rasi1610/Deathce502_series1_new,train
data/raw/pilot_00199.jpg,MD,Baltimore City,1950,Rasi1610/Deathce502_series1_new,train
data/raw/pilot_00200.jpg,MD,Baltimore City,1950,Rasi1610/Deathce502_series1_new,train
data/raw/pilot_00201.jpg,MD,Baltimore City,1950,Rasi1610/Deathce502_series1_new,train
data/raw/pilot_00202.jpg,MD,Baltimore City,1950,Rasi1610/Deathce502_series1_new,train
data/raw/pilot_00203.jpg,MD,Baltimore City,1950,Rasi1610/Deathce502_series1_new,train
data/raw/pilot_00204.jpg,MD,Baltimore City,1950,Rasi1610/Deathce502_series1_new,train
data/raw/pilot_00205.jpg,MD,Baltimore City,1950,Rasi1610/Deathce502_series1_new,train
data/raw/pilot_00206.jpg,MD,Baltimore City,1950,Rasi1610/Deathce502_series1_new,train
data/raw/pilot_00207.jpg,MD,Baltimore City,1950,Rasi1610/Deathce502_series1_new,train
data/raw/pilot_00208.jpg,MD,Baltimore City,1950,Rasi1610/Deathce502_series1_new,train
data/raw/pilot_00209.jpg,MD,Baltimore City,1950,Rasi1610/Deathce502_series1_new,train
data/raw/pilot_00210.jpg,MD,Baltimore City,1950,Rasi1610/Deathce502_series1_new,train
data/raw/pilot_00211.jpg,MD,Baltimore City,1950,Rasi1610/Deathce502_series1_new,train
data/raw/pilot_00212.jpg,MD,Baltimore City,1950,Rasi1610/Deathce502_series1_new,train
data/raw/pilot_00213.jpg,MD,Baltimore City,1950,Rasi1610/Deathce502_series1_new,train
data/raw/pilot_00214.jpg,MD,Baltimore City,1950,Rasi1610/Deathce502_series1_new,train
data/raw/pilot_00215.jpg,MD,Baltimore City,1950,Rasi1610/Deathce502_series1_new,train
data/raw/pilot_00216.jpg,MD,Baltimore City,1950,Rasi1610/Deathce502_series1_new,train
data/raw/pilot_00217.jpg,MD,Baltimore City,1950,Rasi1610/Deathce502_series1_new,train
data/raw/pilot_00218.jpg,MD,Baltimore City,1950,Rasi1610/Deathce502_series1_new,train
data/raw/pilot_00219.jpg,MD,Baltimore City,1950,Rasi1610/Deathce502_series1_new,train
data/raw/pilot_00220.jpg,MD,Baltimore City,1950,Rasi1610/Deathce502_series1_new,train
data/raw/pilot_00221.jpg,MD,Baltimore City,1950,Rasi1610/Deathce502_series1_new,train
data/raw/pilot_00222.jpg,MD,Baltimore City,1950,Rasi1610/Deathce502_series1_new,train
data/raw/pilot_00223.jpg,MD,Baltimore City,1950,Rasi1610/Deathce502_series1_new,train
data/raw/pilot_00224.jpg,MD,Baltimore City,1950,Rasi1610/Deathce502_series1_new,train
data/raw/pilot_00225.jpg,MD,Baltimore City,1950,Rasi1610/Deathce502_series1_new,train
data/raw/pilot_00226.jpg,MD,Baltimore City,1950,Rasi1610/Deathce502_series1_new,train
data/raw/pilot_00227.jpg,MD,Baltimore City,1950,Rasi1610/Deathce502_series1_new,train
data/raw/pilot_00228.jpg,MD,Baltimore City,1950,Rasi1610/Deathce502_series1_new,train
data/raw/pilot_00229.jpg,MD,Baltimore City,1950,Rasi1610/Deathce502_series1_new,train
data/raw/pilot_00230.jpg,MD,Baltimore City,1950,Rasi1610/Deathce502_series1_new,train
data/raw/pilot_00231.jpg,MD,Baltimore City,1950,Rasi1610/Deathce502_series1_new,train
data/raw/pilot_00232.jpg,MD,Baltimore City,1950,Rasi1610/Deathce502_series1_new,train
data/raw/pilot_00233.jpg,MD,Baltimore City,1950,Rasi1610/Deathce502_series1_new,train
data/raw/pilot_00234.jpg,MD,Baltimore City,1950,Rasi1610/Deathce502_series1_new,train
data/raw/pilot_00235.jpg,MD,Baltimore City,1950,Rasi1610/Deathce502_series1_new,train
data/raw/pilot_00236.jpg,MD,Baltimore City,1950,Rasi1610/Deathce502_series1_new,train
data/raw/pilot_00237.jpg,MD,Baltimore City,1950,Rasi1610/Deathce502_series1_new,train
data/raw/pilot_00238.jpg,MD,Baltimore City,1950,Rasi1610/Deathce502_series1_new,train
data/raw/pilot_00239.jpg,MD,Baltimore City,1950,Rasi1610/Deathce502_series1_new,train
data/raw/pilot_00240.jpg,MD,Baltimore City,1950,Rasi1610/Deathce502_series1_new,train
data/raw/pilot_00241.jpg,MD,Baltimore City,1950,Rasi1610/Deathce502_series1_new,train
data/raw/pilot_00242.jpg,MD,Baltimore City,1950,Rasi1610/Deathce502_series1_new,train
data/raw/pilot_00243.jpg,MD,Baltimore City,1950,Rasi1610/Deathce502_series1_new,train
data/raw/pilot_00244.jpg,MD,Baltimore City,1950,Rasi1610/Deathce502_series1_new,train
data/raw/pilot_00245.jpg,MD,Baltimore City,1950,Rasi1610/Deathce502_series1_new,train
data/raw/pilot_00246.jpg,MD,Baltimore City,1950,Rasi1610/Deathce502_series1_new,train
data/raw/pilot_00247.jpg,MD,Baltimore City,1950,Rasi1610/Deathce502_series1_new,train
data/raw/pilot_00248.jpg,MD,Baltimore City,1950,Rasi1610/Deathce502_series1_new,train
data/raw/pilot_00249.jpg,MD,Baltimore City,1950,Rasi1610/Deathce502_series1_new,train
data/raw/pilot_00250.jpg,MD,Baltimore City,1950,Rasi1610/Deathce502_series1_new,train
data/raw/pilot_00251.jpg,MD,Baltimore City,1950,Rasi1610/Deathce502_series1_new,train
data/raw/pilot_00252.jpg,MD,Baltimore City,1950,Rasi1610/Deathce502_series1_new,train
data/raw/pilot_00253.jpg,MD,Baltimore City,1950,Rasi1610/Deathce502_series1_new,train
data/raw/pilot_00254.jpg,MD,Baltimore City,1950,Rasi1610/Deathce502_series1_new,train
data/raw/pilot_00255.jpg,MD,Baltimore City,1950,Rasi1610/Deathce502_series1_new,train
data/raw/pilot_00256.jpg,MD,Baltimore City,1950,Rasi1610/Deathce502_series1_new,train
data/raw/pilot_00257.jpg,MD,Baltimore City,1950,Rasi1610/Deathce502_series1_new,train
data/raw/pilot_00258.jpg,MD,Baltimore City,1950,Rasi1610/Deathce502_series1_new,train
data/raw/pilot_00259.jpg,MD,Baltimore City,1950,Rasi1610/Deathce502_series1_new,train
data/raw/pilot_00260.jpg,MD,Baltimore City,1950,Rasi1610/Deathce502_series1_new,train
data/raw/pilot_00261.jpg,MD,Baltimore City,1950,Rasi1610/Deathce502_series1_new,train
data/raw/pilot_00262.jpg,MD,Baltimore City,1950,Rasi1610/Deathce502_series1_new,train
data/raw/pilot_00263.jpg,MD,Baltimore City,1950,Rasi1610/Deathce502_series1_new,train
data/raw/pilot_00264.jpg,MD,Baltimore City,1950,Rasi1610/Deathce502_series1_new,train
data/raw/pilot_00265.jpg,MD,Baltimore City,1950,Rasi1610/Deathce502_series1_new,train
data/raw/pilot_00266.jpg,MD,Baltimore City,1950,Rasi1610/Deathce502_series1_new,train
data/raw/pilot_00267.jpg,MD,Baltimore City,1950,Rasi1610/Deathce502_series1_new,train
data/raw/pilot_00268.jpg,MD,Baltimore City,1950,Rasi1610/Deathce502_series1_new,train
data/raw/pilot_00269.jpg,MD,Baltimore City,1950,Rasi1610/Deathce502_series1_new,train
data/raw/pilot_00270.jpg,MD,Baltimore City,1950,Rasi1610/Deathce502_series1_new,train
data/raw/pilot_00271.jpg,MD,Baltimore City,1950,Rasi1610/Deathce502_series1_new,train
data/raw/pilot_00272.jpg,MD,Baltimore City,1950,Rasi1610/Deathce502_series1_new,train
data/raw/pilot_00273.jpg,MD,Baltimore City,1950,Rasi1610/Deathce502_series1_new,train
data/raw/pilot_00274.jpg,MD,Baltimore City,1950,Rasi1610/Deathce502_series1_new,train
data/raw/pilot_00275.jpg,MD,Baltimore City,1950,Rasi1610/Deathce502_series1_new,train
data/raw/pilot_00276.jpg,MD,Baltimore City,1950,Rasi1610/Deathce502_series1_new,train
data/raw/pilot_00277.jpg,MD,Baltimore City,1950,Rasi1610/Deathce502_series1_new,train
data/raw/pilot_00278.jpg,MD,Baltimore City,1950,Rasi1610/Deathce502_series1_new,train
data/raw/pilot_00279.jpg,MD,Baltimore City,1950,Rasi1610/Deathce502_series1_new,train
data/raw/pilot_00280.jpg,MD,Baltimore City,1950,Rasi1610/Deathce502_series1_new,train
data/raw/pilot_00281.jpg,MD,Baltimore City,1950,Rasi1610/Deathce502_series1_new,train
data/raw/pilot_00282.jpg,MD,Baltimore City,1950,Rasi1610/Deathce502_series1_new,train
data/raw/pilot_00283.jpg,MD,Baltimore City,1950,Rasi1610/Deathce502_series1_new,train
data/raw/pilot_00284.jpg,MD,Baltimore City,1950,Rasi1610/Deathce502_series1_new,train
data/raw/pilot_00285.jpg,MD,Baltimore City,1950,Rasi1610/Deathce502_series1_new,train
data/raw/pilot_00286.jpg,MD,Baltimore City,1950,Rasi1610/Deathce502_series1_new,train
data/raw/pilot_00287.jpg,MD,Baltimore City,1950,Rasi1610/Deathce502_series1_new,train
data/raw/pilot_00288.jpg,MD,Baltimore City,1950,Rasi1610/Deathce502_series1_new,train
data/raw/pilot_00289.jpg,MD,Baltimore City,1950,Rasi1610/Deathce502_series1_new,train
data/raw/pilot_00290.jpg,MD,Baltimore City,1950,Rasi1610/Deathce502_series1_new,train
data/raw/pilot_00291.jpg,MD,Baltimore City,1950,Rasi1610/Deathce502_series1_new,train
data/raw/pilot_00292.jpg,MD,Baltimore City,1950,Rasi1610/Deathce502_series1_new,train
